{
  "index_version": "1",
  "jurisdiction_id": "ex",
  "domain": "civil",
  "documents": {
    "akn/main.xml": {
      "document_sha256": "5c1745b938dae09a13155f31a4454197cce9dde919813c56014a05815389cbf6",
      "fragments": {
        "p1": {
          "sha256": "a441d680681600a1a8f0600ffd8a729546c9eb10b6c252db4bedaac6032575a5",
          "xpath": "/*/*/*[2]/*",
          "byte_start": null,
          "byte_end": null
        },
        "s1": {
          "sha256": "222fafeb0db2d64b1d2d8fb11d7733a99e81818bf3442186a9f740edbfa501af",
          "xpath": "/*/*/*[3]/*",
          "byte_start": null,
          "byte_end": null
        },
        "s1.p1": {
          "sha256": "6eb4259d4be9a67bac3e460e1ef009ee16802f7dad7342c5fe82b8d7f3a34961",
          "xpath": "/*/*/*[3]/*/*[2]",
          "byte_start": null,
          "byte_end": null
        }
      }
    }
  }
}
