{
  "index_version": "1",
  "jurisdiction_id": "ex",
  "domain": "financial",
  "documents": {
    "akn/main.xml": {
      "document_sha256": "3e6e6c9a32680cf666e0b9d7efc0a4b597338a0c8e8aaf8ee09204e7de5f85ea",
      "fragments": {
        "p1": {
          "sha256": "187eb11b82240bcbb3732291ac1e16611fdf4d8d95aa998abefd51e0bee595ed",
          "xpath": "/*/*/*[2]/*",
          "byte_start": null,
          "byte_end": null
        },
        "s1": {
          "sha256": "222fafeb0db2d64b1d2d8fb11d7733a99e81818bf3442186a9f740edbfa501af",
          "xpath": "/*/*/*[3]/*",
          "byte_start": null,
          "byte_end": null
        },
        "s1.p1": {
          "sha256": "6eb4259d4be9a67bac3e460e1ef009ee16802f7dad7342c5fe82b8d7f3a34961",
          "xpath": "/*/*/*[3]/*/*[2]",
          "byte_start": null,
          "byte_end": null
        }
      }
    }
  }
}
